remark	coin	network	address	memo
1	SOL	SOL	8tJPfER1mgc4kvbVDi3eEQ3EskYxHmTn1bwm8DLAfapb	
2	SOL	SOL	6mXp7HLUQT1BKWcDx6tzkMFvco5Zy1C6AszK8CUsYR5p	
3	SOL	SOL	CLYAY4ZGnz4j13zvrQAJAYpUnb5VMsFqsWdXPosczmRt	
4	SOL	SOL	4VARV8Lcr6S6UqQ5T3arY2wDz9Ljj59ScchZwV9mZZn8	
5	SOL	SOL	jfn7repwoyabcEnUQq3RvGYnBJuTVtHuxWZJLdQWsC9	
6	SOL	SOL	HSgjrMnL5K4xTUSD2UaunAqFgqgzDcsVFuQKxJNDQvCR	
7	SOL	SOL	HM8WAjkABYihh7ceK28QufpgJcyfjyT5ye8wyyQtnHW3	
8	SOL	SOL	G2SAZmxQC5bcfJV7A9NWtPeSQntKLcxQVzmtBRv1ryJj	
9	SOL	SOL	DBExF1krCo9MX3hXteonitkudoBnwZ74oRP7DuJ5h2WH
